STE K,29851 AVENTURA,RANCHO SANTA MARGARITA,CA,92688,2014
STE K,29851 AVENTURA,RANCHO SANTA MARGARITA,CA,92688,2014
STE K,29851 AVENTURA,RANCHO SANTA MARGARITA,CA,92688,2014
STE K,29851 AVENTURA,RANCHO SANTA MARGARITA,CA,92688,2014
STE K,29851 AVENTURA,RANCHO SANTA MARGARITA,CA,92688,2014
STE K,29851 AVENTURA,RANCHO SANTA MARGARITA,CA,92688,2014
STE K,29851 AVENTURA,RANCHO SANTA MARGARITA,CA,92688,2014
STE K,29851 AVENTURA,RANCHO SANTA MARGARITA,CA,92688,2014
STE K,29851 AVENTURA,RANCHO SANTA MARGARITA,CA,92688,2014
STE K,29851 AVENTURA,RANCHO SANTA MARGARITA,CA,92688,2014
STE K,29851 AVENTURA,RANCHO SANTA MARGARITA,CA,92688,2014
STE K,29851 AVENTURA,RANCHO SANTA MARGARITA,CA,92688,2014
STE K,29851 AVENTURA,RANCHO SANTA MARGARITA,CA,92688,2014
STE K,29851 AVENTURA,RANCHO SANTA MARGARITA,CA,92688,2014
STE K,29851 AVENTURA,RANCHO SANTA MARGARITA,CA,92688,2014
STE K,29851 AVENTURA,RANCHO SANTA MARGARITA,CA,92688,2014
STE K,29851 AVENTURA,RANCHO SANTA MARGARITA,CA,92688,2014
STE K,29851 AVENTURA,RANCHO SANTA MARGARITA,CA,92688,2014
STE K,29851 AVENTURA,RANCHO SANTA MARGARITA,CA,92688,2014
STE K,29851 AVENTURA,RANCHO SANTA MARGARITA,CA,92688,2014
STE K,29851 AVENTURA,RANCHO SANTA MARGARITA,CA,92688,2014
STE K,29851 AVENTURA,RANCHO SANTA MARGARITA,CA,92688,2014
STE K,29851 AVENTURA,RANCHO SANTA MARGARITA,CA,92688,2014
STE K,29851 AVENTURA,RANCHO SANTA MARGARITA,CA,92688,2014
STE K,29851 AVENTURA,RANCHO SANTA MARGARITA,CA,92688,2014
STE K,29851 AVENTURA,RANCHO SANTA MARGARITA,CA,92688,2014
STE K,29851 AVENTURA,RANCHO SANTA MARGARITA,CA,92688,2014
STE K,29851 AVENTURA,RANCHO SANTA MARGARITA,CA,92688,2014
STE K,29851 AVENTURA,RANCHO SANTA MARGARITA,CA,92688,2014
STE K,29851 AVENTURA,RANCHO SANTA MARGARITA,CA,92688,2014
STE K,29851 AVENTURA,RANCHO SANTA MARGARITA,CA,92688,2014
STE K,29851 AVENTURA,RANCHO SANTA MARGARITA,CA,92688,2014
STE K,29851 AVENTURA,RANCHO SANTA MARGARITA,CA,92688,2014
STE K,29851 AVENTURA,RANCHO SANTA MARGARITA,CA,92688,2014
STE K,29851 AVENTURA,RANCHO SANTA MARGARITA,CA,92688,2014
STE K,29851 AVENTURA,RANCHO SANTA MARGARITA,CA,92688,2014
STE K,29851 AVENTURA,RANCHO SANTA MARGARITA,CA,92688,2014
STE K,29851 AVENTURA,RANCHO SANTA MARGARITA,CA,92688,2014
STE K,29851 AVENTURA,RANCHO SANTA MARGARITA,CA,92688,2014
STE K,29851 AVENTURA,RANCHO SANTA MARGARITA,CA,92688,2014
STE K,29851 AVENTURA,RANCHO SANTA MARGARITA,CA,92688,2014
STE K,29851 AVENTURA,RANCHO SANTA MARGARITA,CA,92688,2014
STE K,29851 AVENTURA,RANCHO SANTA MARGARITA,CA,92688,2014
STE K,29851 AVENTURA,RANCHO SANTA MARGARITA,CA,92688,2014
STE K,29851 AVENTURA,RANCHO SANTA MARGARITA,CA,92688,2014
STE K,29851 AVENTURA,RANCHO SANTA MARGARITA,CA,92688,2014
STE K,29851 AVENTURA,RANCHO SANTA MARGARITA,CA,92688,2014
STE K,29851 AVENTURA,RANCHO SANTA MARGARITA,CA,92688,2014
STE K,29851 AVENTURA,RANCHO SANTA MARGARITA,CA,92688,2014
STE K,29851 AVENTURA,RANCHO SANTA MARGARITA,CA,92688,2014
STE K,29851 AVENTURA,RANCHO SANTA MARGARITA,CA,92688,2014
STE K,29851 AVENTURA,RANCHO SANTA MARGARITA,CA,92688,2014
STE K,29851 AVENTURA,RANCHO SANTA MARGARITA,CA,92688,2014
STE K,29851 AVENTURA,RANCHO SANTA MARGARITA,CA,92688,2014
STE K,29851 AVENTURA,RANCHO SANTA MARGARITA,CA,92688,2014
STE K,29851 AVENTURA,RANCHO SANTA MARGARITA,CA,92688,2014
STE K,29851 AVENTURA,RANCHO SANTA MARGARITA,CA,92688,2014
STE K,29851 AVENTURA,RANCHO SANTA MARGARITA,CA,92688,2014
STE K,29851 AVENTURA,RANCHO SANTA MARGARITA,CA,92688,2014
STE K,29851 AVENTURA,RANCHO SANTA MARGARITA,CA,92688,2014
STE K,29851 AVENTURA,RANCHO SANTA MARGARITA,CA,92688,2014
STE K,29851 AVENTURA,RANCHO SANTA MARGARITA,CA,92688,2014
STE K,29851 AVENTURA,RANCHO SANTA MARGARITA,CA,92688,2014
STE K,29851 AVENTURA,RANCHO SANTA MARGARITA,CA,92688,2014
STE K,29851 AVENTURA,RANCHO SANTA MARGARITA,CA,92688,2014
STE K,29851 AVENTURA,RANCHO SANTA MARGARITA,CA,92688,2014
STE K,29851 AVENTURA,RANCHO SANTA MARGARITA,CA,92688,2014
STE K,29851 AVENTURA,RANCHO SANTA MARGARITA,CA,92688,2014
STE K,29851 AVENTURA,RANCHO SANTA MARGARITA,CA,92688,2014
STE K,29851 AVENTURA,RANCHO SANTA MARGARITA,CA,92688,2014
STE K,29851 AVENTURA,RANCHO SANTA MARGARITA,CA,92688,2014
STE K,29851 AVENTURA,RANCHO SANTA MARGARITA,CA,92688,2014
STE K,29851 AVENTURA,RANCHO SANTA MARGARITA,CA,92688,2014
STE K,29851 AVENTURA,RANCHO SANTA MARGARITA,CA,92688,2014
STE K,29851 AVENTURA,RANCHO SANTA MARGARITA,CA,92688,2014
STE K,29851 AVENTURA,RANCHO SANTA MARGARITA,CA,92688,2014
STE K,29851 AVENTURA,RANCHO SANTA MARGARITA,CA,92688,2014
STE K,29851 AVENTURA,RANCHO SANTA MARGARITA,CA,92688,2014
STE K,29851 AVENTURA,RANCHO SANTA MARGARITA,CA,92688,2014
STE K,29851 AVENTURA,RANCHO SANTA MARGARITA,CA,92688,2014
STE K,29851 AVENTURA,RANCHO SANTA MARGARITA,CA,92688,2014
STE K,29851 AVENTURA,RANCHO SANTA MARGARITA,CA,92688,2014
STE K,29851 AVENTURA,RANCHO SANTA MARGARITA,CA,92688,2014
STE K,29851 AVENTURA,RANCHO SANTA MARGARITA,CA,92688,2014
STE K,29851 AVENTURA,RANCHO SANTA MARGARITA,CA,92688,2014
STE K,29851 AVENTURA,RANCHO SANTA MARGARITA,CA,92688,2014
STE K,29851 AVENTURA,RANCHO SANTA MARGARITA,CA,92688,2014
STE K,29851 AVENTURA,RANCHO SANTA MARGARITA,CA,92688,2014
STE K,29851 AVENTURA,RANCHO SANTA MARGARITA,CA,92688,2014
STE K,29851 AVENTURA,RANCHO SANTA MARGARITA,CA,92688,2014
STE K,29851 AVENTURA,RANCHO SANTA MARGARITA,CA,92688,2014
STE K,29851 AVENTURA,RANCHO SANTA MARGARITA,CA,92688,2014
STE K,29851 AVENTURA,RANCHO SANTA MARGARITA,CA,92688,2014
STE K,29851 AVENTURA,RANCHO SANTA MARGARITA,CA,92688,2014
STE K,29851 AVENTURA,RANCHO SANTA MARGARITA,CA,92688,2014
STE K,29851 AVENTURA,RANCHO SANTA MARGARITA,CA,92688,2014
STE K,29851 AVENTURA,RANCHO SANTA MARGARITA,CA,92688,2014
STE K,29851 AVENTURA,RANCHO SANTA MARGARITA,CA,92688,2014
STE K,29851 AVENTURA,RANCHO SANTA MARGARITA,CA,92688,2014
STE K,29851 AVENTURA,RANCHO SANTA MARGARITA,CA,92688,2014
